system:index,AOI_mean_mol_m2,AOI_median_mol_m2,AOI_p90_mol_m2,availability_status,figure_id,is_valid_month,month,month_of_year,month_start,pollutant,pollutant_long_name,system_time_start,unit,valid_area_percent,year,.geo
1_1_1_1_1_00000000000000000000,5.012997926019082E-5,5.165673650078038E-5,6.001225028740009E-5,VALID,FIG_3,1,2019-01,1,2019-01-01,NO2,Tropospheric nitrogen dioxide column number density,1546300800000,mol/m2,100.0,2019,"{""type"":""MultiPoint"",""coordinates"":[]}"
1_1_1_1_1_00000000000000000001,,,,NA_NO_VALID_FINAL_RASTER_DATA,FIG_3,0,2019-01,1,2019-01-01,SO2,Sulfur dioxide column number density,1546300800000,mol/m2,0.0,2019,"{""type"":""MultiPoint"",""coordinates"":[]}"
1_1_1_1_1_00000000000000000002,0.036357136555326415,0.03635384184086607,0.036935299706117364,VALID,FIG_3,1,2019-01,1,2019-01-01,CO,Carbon monoxide column number density,1546300800000,mol/m2,100.0,2019,"{""type"":""MultiPoint"",""coordinates"":[]}"
1_1_1_1_1_00000000000000000004,8.915520586245134E-4,8.840700029395521E-4,0.0014677037252113223,VALID,FIG_3,1,2019-02,2,2019-02-01,SO2,Sulfur dioxide column number density,1548979200000,mol/m2,100.0,2019,"{""type"":""MultiPoint"",""coordinates"":[]}"
1_1_1_1_1_00000000000000000005,0.03666136494180476,0.03651624145592459,0.03786545805633068,VALID,FIG_3,1,2019-02,2,2019-02-01,CO,Carbon monoxide column number density,1548979200000,mol/m2,100.0,2019,"{""type"":""MultiPoint"",""coordinates"":[]}"
1_1_1_1_1_00000000000000000003,6.497575098968165E-5,6.607824932768675E-5,8.366204374399211E-5,VALID,FIG_3,1,2019-02,2,2019-02-01,NO2,Tropospheric nitrogen dioxide column number density,1548979200000,mol/m2,100.0,2019,"{""type"":""MultiPoint"",""coordinates"":[]}"
1_1_1_1_1_00000000000000000007,6.429664782529535E-4,6.627490511164069E-4,9.394337539561093E-4,VALID,FIG_3,1,2019-03,3,2019-03-01,SO2,Sulfur dioxide column number density,1551398400000,mol/m2,100.0,2019,"{""type"":""MultiPoint"",""coordinates"":[]}"
1_1_1_1_1_00000000000000000006,5.107607305393955E-5,5.167697930112014E-5,6.47516623107961E-5,VALID,FIG_3,1,2019-03,3,2019-03-01,NO2,Tropospheric nitrogen dioxide column number density,1551398400000,mol/m2,100.0,2019,"{""type"":""MultiPoint"",""coordinates"":[]}"
1_1_1_1_1_00000000000000000008,0.03928120795918924,0.0395054053278874,0.04063278298739714,VALID,FIG_3,1,2019-03,3,2019-03-01,CO,Carbon monoxide column number density,1551398400000,mol/m2,100.0,2019,"{""type"":""MultiPoint"",""coordinates"":[]}"
1_1_1_1_1_00000000000000000009,5.257718193195923E-5,5.106862674424277E-5,6.618189581786282E-5,VALID,FIG_3,1,2019-04,4,2019-04-01,NO2,Tropospheric nitrogen dioxide column number density,1554076800000,mol/m2,100.0,2019,"{""type"":""MultiPoint"",""coordinates"":[]}"
1_1_1_1_1_0000000000000000000b,0.040303686377101564,0.040277020099942815,0.04118992779114395,VALID,FIG_3,1,2019-04,4,2019-04-01,CO,Carbon monoxide column number density,1554076800000,mol/m2,100.0,2019,"{""type"":""MultiPoint"",""coordinates"":[]}"
1_1_1_1_1_0000000000000000000a,2.4675498296978984E-4,2.6606250321492553E-4,3.9450207259505987E-4,VALID,FIG_3,1,2019-04,4,2019-04-01,SO2,Sulfur dioxide column number density,1554076800000,mol/m2,100.0,2019,"{""type"":""MultiPoint"",""coordinates"":[]}"
1_1_1_1_1_0000000000000000000c,2.796372634174646E-5,2.7955882994156765E-5,3.29585892046214E-5,VALID,FIG_3,1,2019-05,5,2019-05-01,NO2,Tropospheric nitrogen dioxide column number density,1556668800000,mol/m2,100.0,2019,"{""type"":""MultiPoint"",""coordinates"":[]}"
1_1_1_1_1_0000000000000000000e,0.033965792694738754,0.033955755089726716,0.03432272933423519,VALID,FIG_3,1,2019-05,5,2019-05-01,CO,Carbon monoxide column number density,1556668800000,mol/m2,100.0,2019,"{""type"":""MultiPoint"",""coordinates"":[]}"
1_1_1_1_1_0000000000000000000d,7.511213638316669E-5,8.122513099806383E-5,1.628985774004832E-4,VALID,FIG_3,1,2019-05,5,2019-05-01,SO2,Sulfur dioxide column number density,1556668800000,mol/m2,100.0,2019,"{""type"":""MultiPoint"",""coordinates"":[]}"
1_1_1_1_1_00000000000000000011,0.032571506352412724,0.032239951999559195,0.03446647674598827,VALID,FIG_3,1,2019-06,6,2019-06-01,CO,Carbon monoxide column number density,1559347200000,mol/m2,100.0,2019,"{""type"":""MultiPoint"",""coordinates"":[]}"
1_1_1_1_1_00000000000000000010,8.370674645831843E-5,1.0147768625756726E-4,1.408900716342032E-4,VALID,FIG_3,1,2019-06,6,2019-06-01,SO2,Sulfur dioxide column number density,1559347200000,mol/m2,100.0,2019,"{""type"":""MultiPoint"",""coordinates"":[]}"
1_1_1_1_1_0000000000000000000f,3.7283690912000465E-5,3.3950570646326266E-5,5.135599685808532E-5,VALID,FIG_3,1,2019-06,6,2019-06-01,NO2,Tropospheric nitrogen dioxide column number density,1559347200000,mol/m2,100.0,2019,"{""type"":""MultiPoint"",""coordinates"":[]}"
1_1_1_1_1_00000000000000000012,2.842422639568249E-5,2.535743410994679E-5,4.062601701373573E-5,VALID,FIG_3,1,2019-07,7,2019-07-01,NO2,Tropospheric nitrogen dioxide column number density,1561939200000,mol/m2,100.0,2019,"{""type"":""MultiPoint"",""coordinates"":[]}"
1_1_1_1_1_00000000000000000014,0.03119033356229809,0.030868010110958848,0.0330711740028599,VALID,FIG_3,1,2019-07,7,2019-07-01,CO,Carbon monoxide column number density,1561939200000,mol/m2,100.0,2019,"{""type"":""MultiPoint"",""coordinates"":[]}"
1_1_1_1_1_00000000000000000013,9.139677731197201E-5,9.14005286176689E-5,1.787174551282078E-4,VALID,FIG_3,1,2019-07,7,2019-07-01,SO2,Sulfur dioxide column number density,1561939200000,mol/m2,100.0,2019,"{""type"":""MultiPoint"",""coordinates"":[]}"
1_1_1_1_1_00000000000000000016,1.1229549757150506E-4,9.083707118406892E-5,1.8607519450597465E-4,VALID,FIG_3,1,2019-08,8,2019-08-01,SO2,Sulfur dioxide column number density,1564617600000,mol/m2,100.0,2019,"{""type"":""MultiPoint"",""coordinates"":[]}"
1_1_1_1_1_00000000000000000017,0.03320557699827124,0.03290693838094255,0.03480538778698591,VALID,FIG_3,1,2019-08,8,2019-08-01,CO,Carbon monoxide column number density,1564617600000,mol/m2,100.0,2019,"{""type"":""MultiPoint"",""coordinates"":[]}"
1_1_1_1_1_00000000000000000015,3.853497875267611E-5,3.65654772213452E-5,5.163858622836415E-5,VALID,FIG_3,1,2019-08,8,2019-08-01,NO2,Tropospheric nitrogen dioxide column number density,1564617600000,mol/m2,100.0,2019,"{""type"":""MultiPoint"",""coordinates"":[]}"
1_1_1_1_1_0000000000000000001a,0.03423150611812443,0.034183553763126075,0.035150660347472724,VALID,FIG_3,1,2019-09,9,2019-09-01,CO,Carbon monoxide column number density,1567296000000,mol/m2,100.0,2019,"{""type"":""MultiPoint"",""coordinates"":[]}"
1_1_1_1_1_00000000000000000019,2.898927230394331E-4,3.0092825181782246E-4,4.5848439913243055E-4,VALID,FIG_3,1,2019-09,9,2019-09-01,SO2,Sulfur dioxide column number density,1567296000000,mol/m2,100.0,2019,"{""type"":""MultiPoint"",""coordinates"":[]}"
1_1_1_1_1_00000000000000000018,4.433155940385914E-5,4.0888633086182286E-5,5.9029666590504346E-5,VALID,FIG_3,1,2019-09,9,2019-09-01,NO2,Tropospheric nitrogen dioxide column number density,1567296000000,mol/m2,100.0,2019,"{""type"":""MultiPoint"",""coordinates"":[]}"
1_1_1_1_1_0000000000000000001d,0.031777377714178774,0.0315696030712811,0.03377227857708931,VALID,FIG_3,1,2019-10,10,2019-10-01,CO,Carbon monoxide column number density,1569888000000,mol/m2,100.0,2019,"{""type"":""MultiPoint"",""coordinates"":[]}"
1_1_1_1_1_0000000000000000001b,6.264222802505603E-5,5.555293772837286E-5,9.072065828756119E-5,VALID,FIG_3,1,2019-10,10,2019-10-01,NO2,Tropospheric nitrogen dioxide column number density,1569888000000,mol/m2,100.0,2019,"{""type"":""MultiPoint"",""coordinates"":[]}"
1_1_1_1_1_0000000000000000001c,3.542997326460407E-4,3.402717993594706E-4,5.104374722577631E-4,VALID,FIG_3,1,2019-10,10,2019-10-01,SO2,Sulfur dioxide column number density,1569888000000,mol/m2,100.0,2019,"{""type"":""MultiPoint"",""coordinates"":[]}"
1_1_1_1_1_0000000000000000001f,,,,NA_NO_VALID_FINAL_RASTER_DATA,FIG_3,0,2019-11,11,2019-11-01,SO2,Sulfur dioxide column number density,1572566400000,mol/m2,0.0,2019,"{""type"":""MultiPoint"",""coordinates"":[]}"
1_1_1_1_1_00000000000000000020,0.03202890678874981,0.03192891916154784,0.03312927670776844,VALID,FIG_3,1,2019-11,11,2019-11-01,CO,Carbon monoxide column number density,1572566400000,mol/m2,100.0,2019,"{""type"":""MultiPoint"",""coordinates"":[]}"
1_1_1_1_1_0000000000000000001e,4.705174567010573E-5,4.468666297475434E-5,6.182973692399671E-5,VALID,FIG_3,1,2019-11,11,2019-11-01,NO2,Tropospheric nitrogen dioxide column number density,1572566400000,mol/m2,100.0,2019,"{""type"":""MultiPoint"",""coordinates"":[]}"
1_1_1_1_1_00000000000000000023,0.03322239563062335,0.03322253817398297,0.03363601022123636,VALID,FIG_3,1,2019-12,12,2019-12-01,CO,Carbon monoxide column number density,1575158400000,mol/m2,100.0,2019,"{""type"":""MultiPoint"",""coordinates"":[]}"
1_1_1_1_1_00000000000000000021,4.1268577761027936E-5,4.179764396142018E-5,4.9800572014646605E-5,VALID,FIG_3,1,2019-12,12,2019-12-01,NO2,Tropospheric nitrogen dioxide column number density,1575158400000,mol/m2,100.0,2019,"{""type"":""MultiPoint"",""coordinates"":[]}"
1_1_1_1_1_00000000000000000022,,,,NA_NO_VALID_FINAL_RASTER_DATA,FIG_3,0,2019-12,12,2019-12-01,SO2,Sulfur dioxide column number density,1575158400000,mol/m2,0.0,2019,"{""type"":""MultiPoint"",""coordinates"":[]}"
1_1_1_1_2_00000000000000000000,3.7349850181888334E-5,3.6637833049786774E-5,4.653412476388638E-5,VALID,FIG_3,1,2020-01,1,2020-01-01,NO2,Tropospheric nitrogen dioxide column number density,1577836800000,mol/m2,100.0,2020,"{""type"":""MultiPoint"",""coordinates"":[]}"
1_1_1_1_2_00000000000000000001,,,,NA_NO_VALID_FINAL_RASTER_DATA,FIG_3,0,2020-01,1,2020-01-01,SO2,Sulfur dioxide column number density,1577836800000,mol/m2,0.0,2020,"{""type"":""MultiPoint"",""coordinates"":[]}"
1_1_1_1_2_00000000000000000002,0.03592279447568816,0.035877373069524765,0.03645262494683266,VALID,FIG_3,1,2020-01,1,2020-01-01,CO,Carbon monoxide column number density,1577836800000,mol/m2,100.0,2020,"{""type"":""MultiPoint"",""coordinates"":[]}"
1_1_1_1_2_00000000000000000005,0.03768051721144893,0.037652780366667624,0.03841267856899822,VALID,FIG_3,1,2020-02,2,2020-02-01,CO,Carbon monoxide column number density,1580515200000,mol/m2,100.0,2020,"{""type"":""MultiPoint"",""coordinates"":[]}"
1_1_1_1_2_00000000000000000004,7.171281023527446E-4,6.3992606010288E-4,0.0016325846081599593,VALID,FIG_3,1,2020-02,2,2020-02-01,SO2,Sulfur dioxide column number density,1580515200000,mol/m2,100.0,2020,"{""type"":""MultiPoint"",""coordinates"":[]}"
1_1_1_1_2_00000000000000000003,4.1246942143446366E-5,4.11937632440924E-5,4.762840256551474E-5,VALID,FIG_3,1,2020-02,2,2020-02-01,NO2,Tropospheric nitrogen dioxide column number density,1580515200000,mol/m2,100.0,2020,"{""type"":""MultiPoint"",""coordinates"":[]}"
1_1_1_1_2_00000000000000000008,0.03839871206657222,0.03841272658629084,0.03890277764521109,VALID,FIG_3,1,2020-03,3,2020-03-01,CO,Carbon monoxide column number density,1583020800000,mol/m2,100.0,2020,"{""type"":""MultiPoint"",""coordinates"":[]}"
1_1_1_1_2_00000000000000000007,6.879884405366733E-4,6.615886813960969E-4,9.592019487172365E-4,VALID,FIG_3,1,2020-03,3,2020-03-01,SO2,Sulfur dioxide column number density,1583020800000,mol/m2,100.0,2020,"{""type"":""MultiPoint"",""coordinates"":[]}"
1_1_1_1_2_00000000000000000006,4.235573478419223E-5,4.1776975194807164E-5,4.963094906997867E-5,VALID,FIG_3,1,2020-03,3,2020-03-01,NO2,Tropospheric nitrogen dioxide column number density,1583020800000,mol/m2,100.0,2020,"{""type"":""MultiPoint"",""coordinates"":[]}"
1_1_1_1_2_00000000000000000009,3.50790380364593E-5,3.526362611810991E-5,4.168220766587183E-5,VALID,FIG_3,1,2020-04,4,2020-04-01,NO2,Tropospheric nitrogen dioxide column number density,1585699200000,mol/m2,100.0,2020,"{""type"":""MultiPoint"",""coordinates"":[]}"
1_1_1_1_2_0000000000000000000a,2.325757689977637E-4,2.122878358932212E-4,3.1407075584866107E-4,VALID,FIG_3,1,2020-04,4,2020-04-01,SO2,Sulfur dioxide column number density,1585699200000,mol/m2,100.0,2020,"{""type"":""MultiPoint"",""coordinates"":[]}"
1_1_1_1_2_0000000000000000000b,0.03967052128644946,0.0396808159530611,0.040307928548222446,VALID,FIG_3,1,2020-04,4,2020-04-01,CO,Carbon monoxide column number density,1585699200000,mol/m2,100.0,2020,"{""type"":""MultiPoint"",""coordinates"":[]}"
1_1_1_1_2_0000000000000000000c,2.9503218090466803E-5,3.000654001747224E-5,3.52160437614657E-5,VALID,FIG_3,1,2020-05,5,2020-05-01,NO2,Tropospheric nitrogen dioxide column number density,1588291200000,mol/m2,100.0,2020,"{""type"":""MultiPoint"",""coordinates"":[]}"
1_1_1_1_2_0000000000000000000d,1.236085230188166E-4,7.659057882847264E-5,2.889933530241251E-4,VALID,FIG_3,1,2020-05,5,2020-05-01,SO2,Sulfur dioxide column number density,1588291200000,mol/m2,100.0,2020,"{""type"":""MultiPoint"",""coordinates"":[]}"
1_1_1_1_2_0000000000000000000e,0.03512140405222296,0.03511784774164201,0.0357293700799346,VALID,FIG_3,1,2020-05,5,2020-05-01,CO,Carbon monoxide column number density,1588291200000,mol/m2,100.0,2020,"{""type"":""MultiPoint"",""coordinates"":[]}"
1_1_1_1_2_00000000000000000011,0.03172490114658525,0.031720618903636935,0.03218903538755365,VALID,FIG_3,1,2020-06,6,2020-06-01,CO,Carbon monoxide column number density,1590969600000,mol/m2,100.0,2020,"{""type"":""MultiPoint"",""coordinates"":[]}"
1_1_1_1_2_0000000000000000000f,3.3806331909076024E-5,3.179150086028063E-5,4.5391666935756804E-5,VALID,FIG_3,1,2020-06,6,2020-06-01,NO2,Tropospheric nitrogen dioxide column number density,1590969600000,mol/m2,100.0,2020,"{""type"":""MultiPoint"",""coordinates"":[]}"
1_1_1_1_2_00000000000000000010,6.451201608027946E-5,6.477110582636669E-5,1.3844984641764313E-4,VALID,FIG_3,1,2020-06,6,2020-06-01,SO2,Sulfur dioxide column number density,1590969600000,mol/m2,100.0,2020,"{""type"":""MultiPoint"",""coordinates"":[]}"
1_1_1_1_2_00000000000000000014,0.02997625894344264,0.02979149706661701,0.031057351697148444,VALID,FIG_3,1,2020-07,7,2020-07-01,CO,Carbon monoxide column number density,1593561600000,mol/m2,100.0,2020,"{""type"":""MultiPoint"",""coordinates"":[]}"
1_1_1_1_2_00000000000000000012,4.41654424099055E-5,4.0161568258998556E-5,6.068076072551776E-5,VALID,FIG_3,1,2020-07,7,2020-07-01,NO2,Tropospheric nitrogen dioxide column number density,1593561600000,mol/m2,100.0,2020,"{""type"":""MultiPoint"",""coordinates"":[]}"
1_1_1_1_2_00000000000000000013,1.238235178393833E-4,1.2693968892563134E-4,2.1194906730670482E-4,VALID,FIG_3,1,2020-07,7,2020-07-01,SO2,Sulfur dioxide column number density,1593561600000,mol/m2,100.0,2020,"{""type"":""MultiPoint"",""coordinates"":[]}"
1_1_1_1_2_00000000000000000016,1.1067460809407312E-4,9.41973557928577E-5,2.162529417546466E-4,VALID,FIG_3,1,2020-08,8,2020-08-01,SO2,Sulfur dioxide column number density,1596240000000,mol/m2,100.0,2020,"{""type"":""MultiPoint"",""coordinates"":[]}"
1_1_1_1_2_00000000000000000017,0.0313170900789625,0.03136270210878859,0.032129259976251344,VALID,FIG_3,1,2020-08,8,2020-08-01,CO,Carbon monoxide column number density,1596240000000,mol/m2,100.0,2020,"{""type"":""MultiPoint"",""coordinates"":[]}"
1_1_1_1_2_00000000000000000015,4.752193691036277E-5,4.6389609969292706E-5,6.014581231283955E-5,VALID,FIG_3,1,2020-08,8,2020-08-01,NO2,Tropospheric nitrogen dioxide column number density,1596240000000,mol/m2,100.0,2020,"{""type"":""MultiPoint"",""coordinates"":[]}"
1_1_1_1_2_00000000000000000018,4.4865740519339904E-5,4.254874036856619E-5,5.705733322732461E-5,VALID,FIG_3,1,2020-09,9,2020-09-01,NO2,Tropospheric nitrogen dioxide column number density,1598918400000,mol/m2,100.0,2020,"{""type"":""MultiPoint"",""coordinates"":[]}"
1_1_1_1_2_00000000000000000019,2.4168704948132532E-4,2.620009472593665E-4,3.795925003942102E-4,VALID,FIG_3,1,2020-09,9,2020-09-01,SO2,Sulfur dioxide column number density,1598918400000,mol/m2,100.0,2020,"{""type"":""MultiPoint"",""coordinates"":[]}"
1_1_1_1_2_0000000000000000001a,0.03476821849504451,0.034441328950618445,0.03654646744473359,VALID,FIG_3,1,2020-09,9,2020-09-01,CO,Carbon monoxide column number density,1598918400000,mol/m2,100.0,2020,"{""type"":""MultiPoint"",""coordinates"":[]}"
1_1_1_1_2_0000000000000000001d,0.03402850749791537,0.03401952090247694,0.03484520564476649,VALID,FIG_3,1,2020-10,10,2020-10-01,CO,Carbon monoxide column number density,1601510400000,mol/m2,100.0,2020,"{""type"":""MultiPoint"",""coordinates"":[]}"
1_1_1_1_2_0000000000000000001c,3.7749218470246014E-4,3.668353892862797E-4,5.457665538415313E-4,VALID,FIG_3,1,2020-10,10,2020-10-01,SO2,Sulfur dioxide column number density,1601510400000,mol/m2,100.0,2020,"{""type"":""MultiPoint"",""coordinates"":[]}"
1_1_1_1_2_0000000000000000001b,4.5845819482988784E-5,4.488629193817876E-5,5.323129638175791E-5,VALID,FIG_3,1,2020-10,10,2020-10-01,NO2,Tropospheric nitrogen dioxide column number density,1601510400000,mol/m2,100.0,2020,"{""type"":""MultiPoint"",""coordinates"":[]}"
1_1_1_1_2_0000000000000000001e,5.0794283899872403E-5,4.923784654238261E-5,6.239000746669869E-5,VALID,FIG_3,1,2020-11,11,2020-11-01,NO2,Tropospheric nitrogen dioxide column number density,1604188800000,mol/m2,100.0,2020,"{""type"":""MultiPoint"",""coordinates"":[]}"
1_1_1_1_2_00000000000000000020,0.034428331516005266,0.03438489660961417,0.03493164794198399,VALID,FIG_3,1,2020-11,11,2020-11-01,CO,Carbon monoxide column number density,1604188800000,mol/m2,100.0,2020,"{""type"":""MultiPoint"",""coordinates"":[]}"
1_1_1_1_2_0000000000000000001f,,,,NA_NO_VALID_FINAL_RASTER_DATA,FIG_3,0,2020-11,11,2020-11-01,SO2,Sulfur dioxide column number density,1604188800000,mol/m2,0.0,2020,"{""type"":""MultiPoint"",""coordinates"":[]}"
1_1_1_1_2_00000000000000000021,5.121228368523234E-5,4.9993795723905055E-5,6.824817804348034E-5,VALID,FIG_3,1,2020-12,12,2020-12-01,NO2,Tropospheric nitrogen dioxide column number density,1606780800000,mol/m2,100.0,2020,"{""type"":""MultiPoint"",""coordinates"":[]}"
1_1_1_1_2_00000000000000000023,0.03595206035221457,0.03600070773432003,0.03638710528793564,VALID,FIG_3,1,2020-12,12,2020-12-01,CO,Carbon monoxide column number density,1606780800000,mol/m2,100.0,2020,"{""type"":""MultiPoint"",""coordinates"":[]}"
1_1_1_1_2_00000000000000000022,,,,NA_NO_VALID_FINAL_RASTER_DATA,FIG_3,0,2020-12,12,2020-12-01,SO2,Sulfur dioxide column number density,1606780800000,mol/m2,0.0,2020,"{""type"":""MultiPoint"",""coordinates"":[]}"
1_1_1_2_00000000000000000000,5.071958208483425E-5,4.8361948148752484E-5,6.840160313004162E-5,VALID,FIG_3,1,2021-01,1,2021-01-01,NO2,Tropospheric nitrogen dioxide column number density,1609459200000,mol/m2,100.0,2021,"{""type"":""MultiPoint"",""coordinates"":[]}"
1_1_1_2_00000000000000000001,,,,NA_NO_VALID_FINAL_RASTER_DATA,FIG_3,0,2021-01,1,2021-01-01,SO2,Sulfur dioxide column number density,1609459200000,mol/m2,0.0,2021,"{""type"":""MultiPoint"",""coordinates"":[]}"
1_1_1_2_00000000000000000002,0.039780377696571306,0.03980872002156342,0.04087243668857168,VALID,FIG_3,1,2021-01,1,2021-01-01,CO,Carbon monoxide column number density,1609459200000,mol/m2,100.0,2021,"{""type"":""MultiPoint"",""coordinates"":[]}"
1_1_1_2_00000000000000000003,3.896717038859246E-5,3.681965809461897E-5,6.497492758302298E-5,VALID,FIG_3,1,2021-02,2,2021-02-01,NO2,Tropospheric nitrogen dioxide column number density,1612137600000,mol/m2,100.0,2021,"{""type"":""MultiPoint"",""coordinates"":[]}"
1_1_1_2_00000000000000000005,0.038654579167673175,0.038656389885681104,0.03953981746693584,VALID,FIG_3,1,2021-02,2,2021-02-01,CO,Carbon monoxide column number density,1612137600000,mol/m2,100.0,2021,"{""type"":""MultiPoint"",""coordinates"":[]}"
1_1_1_2_00000000000000000004,0.0011723290036591957,9.079534793272614E-4,0.0025979923084378242,VALID,FIG_3,1,2021-02,2,2021-02-01,SO2,Sulfur dioxide column number density,1612137600000,mol/m2,96.09666413359452,2021,"{""type"":""MultiPoint"",""coordinates"":[]}"
1_1_1_2_00000000000000000008,0.04065289051011915,0.04073415391993119,0.04129807775219282,VALID,FIG_3,1,2021-03,3,2021-03-01,CO,Carbon monoxide column number density,1614556800000,mol/m2,100.0,2021,"{""type"":""MultiPoint"",""coordinates"":[]}"
1_1_1_2_00000000000000000006,4.282185379967931E-5,4.217572558354847E-5,6.220110662980005E-5,VALID,FIG_3,1,2021-03,3,2021-03-01,NO2,Tropospheric nitrogen dioxide column number density,1614556800000,mol/m2,100.0,2021,"{""type"":""MultiPoint"",""coordinates"":[]}"
1_1_1_2_00000000000000000007,3.6039930578169935E-4,3.937073051929474E-4,7.420486654154956E-4,VALID,FIG_3,1,2021-03,3,2021-03-01,SO2,Sulfur dioxide column number density,1614556800000,mol/m2,100.0,2021,"{""type"":""MultiPoint"",""coordinates"":[]}"
1_1_1_2_00000000000000000009,4.8030329229948086E-5,4.186288956849333E-5,7.070853928436334E-5,VALID,FIG_3,1,2021-04,4,2021-04-01,NO2,Tropospheric nitrogen dioxide column number density,1617235200000,mol/m2,100.0,2021,"{""type"":""MultiPoint"",""coordinates"":[]}"
1_1_1_2_0000000000000000000b,0.03877257930168937,0.038841766742975785,0.03938777119635719,VALID,FIG_3,1,2021-04,4,2021-04-01,CO,Carbon monoxide column number density,1617235200000,mol/m2,100.0,2021,"{""type"":""MultiPoint"",""coordinates"":[]}"
1_1_1_2_0000000000000000000a,1.917871359979123E-4,1.7453441978432238E-4,4.35656780609861E-4,VALID,FIG_3,1,2021-04,4,2021-04-01,SO2,Sulfur dioxide column number density,1617235200000,mol/m2,100.0,2021,"{""type"":""MultiPoint"",""coordinates"":[]}"
1_1_1_2_0000000000000000000c,3.5716729769366364E-5,3.583053272494478E-5,4.383407437145092E-5,VALID,FIG_3,1,2021-05,5,2021-05-01,NO2,Tropospheric nitrogen dioxide column number density,1619827200000,mol/m2,100.0,2021,"{""type"":""MultiPoint"",""coordinates"":[]}"
1_1_1_2_0000000000000000000d,7.434849731771029E-5,7.338948489632457E-5,1.8811634799931198E-4,VALID,FIG_3,1,2021-05,5,2021-05-01,SO2,Sulfur dioxide column number density,1619827200000,mol/m2,100.0,2021,"{""type"":""MultiPoint"",""coordinates"":[]}"
1_1_1_2_0000000000000000000e,0.033870999151066436,0.03388154129477548,0.034556888879163146,VALID,FIG_3,1,2021-05,5,2021-05-01,CO,Carbon monoxide column number density,1619827200000,mol/m2,100.0,2021,"{""type"":""MultiPoint"",""coordinates"":[]}"
1_1_1_2_00000000000000000010,1.2343597972241873E-4,1.0388684313511476E-4,2.2575363982468843E-4,VALID,FIG_3,1,2021-06,6,2021-06-01,SO2,Sulfur dioxide column number density,1622505600000,mol/m2,100.0,2021,"{""type"":""MultiPoint"",""coordinates"":[]}"
1_1_1_2_00000000000000000011,0.030888257169229077,0.03081533764917348,0.03221943750977516,VALID,FIG_3,1,2021-06,6,2021-06-01,CO,Carbon monoxide column number density,1622505600000,mol/m2,100.0,2021,"{""type"":""MultiPoint"",""coordinates"":[]}"
1_1_1_2_0000000000000000000f,3.300108344605051E-5,3.1309266150604635E-5,4.4303811591817066E-5,VALID,FIG_3,1,2021-06,6,2021-06-01,NO2,Tropospheric nitrogen dioxide column number density,1622505600000,mol/m2,100.0,2021,"{""type"":""MultiPoint"",""coordinates"":[]}"
1_1_1_2_00000000000000000013,6.244689727560163E-5,7.349076622631401E-5,1.3636937364935875E-4,VALID,FIG_3,1,2021-07,7,2021-07-01,SO2,Sulfur dioxide column number density,1625097600000,mol/m2,100.0,2021,"{""type"":""MultiPoint"",""coordinates"":[]}"
1_1_1_2_00000000000000000012,4.6211417613611764E-5,4.3561678467085585E-5,6.641523456589009E-5,VALID,FIG_3,1,2021-07,7,2021-07-01,NO2,Tropospheric nitrogen dioxide column number density,1625097600000,mol/m2,100.0,2021,"{""type"":""MultiPoint"",""coordinates"":[]}"
1_1_1_2_00000000000000000014,0.03529530608563798,0.03480399081469215,0.037184615601908486,VALID,FIG_3,1,2021-07,7,2021-07-01,CO,Carbon monoxide column number density,1625097600000,mol/m2,100.0,2021,"{""type"":""MultiPoint"",""coordinates"":[]}"
1_1_1_2_00000000000000000016,6.193199844140489E-5,8.137329132296145E-5,1.326233468716964E-4,VALID,FIG_3,1,2021-08,8,2021-08-01,SO2,Sulfur dioxide column number density,1627776000000,mol/m2,100.0,2021,"{""type"":""MultiPoint"",""coordinates"":[]}"
1_1_1_2_00000000000000000015,3.55714742906936E-5,3.317509799671825E-5,4.749441080871064E-5,VALID,FIG_3,1,2021-08,8,2021-08-01,NO2,Tropospheric nitrogen dioxide column number density,1627776000000,mol/m2,100.0,2021,"{""type"":""MultiPoint"",""coordinates"":[]}"
1_1_1_2_00000000000000000017,0.04135970724327044,0.041174518380250165,0.04241415684226304,VALID,FIG_3,1,2021-08,8,2021-08-01,CO,Carbon monoxide column number density,1627776000000,mol/m2,100.0,2021,"{""type"":""MultiPoint"",""coordinates"":[]}"
1_1_1_2_0000000000000000001a,0.03933721107594516,0.03879510411676371,0.04144937824457884,VALID,FIG_3,1,2021-09,9,2021-09-01,CO,Carbon monoxide column number density,1630454400000,mol/m2,100.0,2021,"{""type"":""MultiPoint"",""coordinates"":[]}"
1_1_1_2_00000000000000000018,5.599220432406067E-5,5.0768341937869925E-5,8.131158381094416E-5,VALID,FIG_3,1,2021-09,9,2021-09-01,NO2,Tropospheric nitrogen dioxide column number density,1630454400000,mol/m2,100.0,2021,"{""type"":""MultiPoint"",""coordinates"":[]}"
1_1_1_2_00000000000000000019,2.822083596277826E-4,2.644016349222511E-4,4.8251613043248653E-4,VALID,FIG_3,1,2021-09,9,2021-09-01,SO2,Sulfur dioxide column number density,1630454400000,mol/m2,100.0,2021,"{""type"":""MultiPoint"",""coordinates"":[]}"
1_1_1_2_0000000000000000001c,7.135047603843227E-4,7.51089071854949E-4,9.121858165599406E-4,VALID,FIG_3,1,2021-10,10,2021-10-01,SO2,Sulfur dioxide column number density,1633046400000,mol/m2,100.0,2021,"{""type"":""MultiPoint"",""coordinates"":[]}"
1_1_1_2_0000000000000000001d,0.03530626937236643,0.03519888872314311,0.03649009821378527,VALID,FIG_3,1,2021-10,10,2021-10-01,CO,Carbon monoxide column number density,1633046400000,mol/m2,100.0,2021,"{""type"":""MultiPoint"",""coordinates"":[]}"
1_1_1_2_0000000000000000001b,5.860013513633604E-5,5.637564079158789E-5,7.11333141225623E-5,VALID,FIG_3,1,2021-10,10,2021-10-01,NO2,Tropospheric nitrogen dioxide column number density,1633046400000,mol/m2,100.0,2021,"{""type"":""MultiPoint"",""coordinates"":[]}"
1_1_1_2_00000000000000000020,0.03370950827384376,0.033621242030448646,0.03466774895787239,VALID,FIG_3,1,2021-11,11,2021-11-01,CO,Carbon monoxide column number density,1635724800000,mol/m2,100.0,2021,"{""type"":""MultiPoint"",""coordinates"":[]}"
1_1_1_2_0000000000000000001e,6.146308658445084E-5,6.302632227107193E-5,6.854148939185376E-5,VALID,FIG_3,1,2021-11,11,2021-11-01,NO2,Tropospheric nitrogen dioxide column number density,1635724800000,mol/m2,100.0,2021,"{""type"":""MultiPoint"",""coordinates"":[]}"
1_1_1_2_0000000000000000001f,,,,NA_NO_VALID_FINAL_RASTER_DATA,FIG_3,0,2021-11,11,2021-11-01,SO2,Sulfur dioxide column number density,1635724800000,mol/m2,0.0,2021,"{""type"":""MultiPoint"",""coordinates"":[]}"
1_1_1_2_00000000000000000022,,,,NA_NO_VALID_FINAL_RASTER_DATA,FIG_3,0,2021-12,12,2021-12-01,SO2,Sulfur dioxide column number density,1638316800000,mol/m2,0.0,2021,"{""type"":""MultiPoint"",""coordinates"":[]}"
1_1_1_2_00000000000000000023,0.03364575292770653,0.0337090503991298,0.03412624076235534,VALID,FIG_3,1,2021-12,12,2021-12-01,CO,Carbon monoxide column number density,1638316800000,mol/m2,100.0,2021,"{""type"":""MultiPoint"",""coordinates"":[]}"
1_1_1_2_00000000000000000021,2.5780423363541558E-5,2.4529575689860253E-5,4.8422331120472666E-5,VALID,FIG_3,1,2021-12,12,2021-12-01,NO2,Tropospheric nitrogen dioxide column number density,1638316800000,mol/m2,88.41673557971241,2021,"{""type"":""MultiPoint"",""coordinates"":[]}"
1_1_2_00000000000000000002,0.03439235587808573,0.0343993251630794,0.034857083062659826,VALID,FIG_3,1,2022-01,1,2022-01-01,CO,Carbon monoxide column number density,1640995200000,mol/m2,100.0,2022,"{""type"":""MultiPoint"",""coordinates"":[]}"
1_1_2_00000000000000000001,,,,NA_NO_VALID_FINAL_RASTER_DATA,FIG_3,0,2022-01,1,2022-01-01,SO2,Sulfur dioxide column number density,1640995200000,mol/m2,0.0,2022,"{""type"":""MultiPoint"",""coordinates"":[]}"
1_1_2_00000000000000000000,4.880320763608083E-5,3.952746605170498E-5,8.140657864248332E-5,VALID,FIG_3,1,2022-01,1,2022-01-01,NO2,Tropospheric nitrogen dioxide column number density,1640995200000,mol/m2,100.0,2022,"{""type"":""MultiPoint"",""coordinates"":[]}"
1_1_2_00000000000000000004,0.002259185049934588,0.0020849232096225023,0.0030324968975037336,VALID,FIG_3,1,2022-02,2,2022-02-01,SO2,Sulfur dioxide column number density,1643673600000,mol/m2,100.0,2022,"{""type"":""MultiPoint"",""coordinates"":[]}"
1_1_2_00000000000000000005,0.03750100524314785,0.03706148235121392,0.039746879204082104,VALID,FIG_3,1,2022-02,2,2022-02-01,CO,Carbon monoxide column number density,1643673600000,mol/m2,100.0,2022,"{""type"":""MultiPoint"",""coordinates"":[]}"
1_1_2_00000000000000000003,5.4061709546966744E-5,5.086005685305333E-5,7.041123539350985E-5,VALID,FIG_3,1,2022-02,2,2022-02-01,NO2,Tropospheric nitrogen dioxide column number density,1643673600000,mol/m2,100.0,2022,"{""type"":""MultiPoint"",""coordinates"":[]}"
1_1_2_00000000000000000008,0.037123544244451044,0.03713125997659726,0.03766944382656171,VALID,FIG_3,1,2022-03,3,2022-03-01,CO,Carbon monoxide column number density,1646092800000,mol/m2,100.0,2022,"{""type"":""MultiPoint"",""coordinates"":[]}"
1_1_2_00000000000000000007,6.492004146076853E-4,6.17307610809803E-4,9.875164832919836E-4,VALID,FIG_3,1,2022-03,3,2022-03-01,SO2,Sulfur dioxide column number density,1646092800000,mol/m2,100.0,2022,"{""type"":""MultiPoint"",""coordinates"":[]}"
1_1_2_00000000000000000006,3.391444515068645E-5,3.4280595960526504E-5,3.904108743881807E-5,VALID,FIG_3,1,2022-03,3,2022-03-01,NO2,Tropospheric nitrogen dioxide column number density,1646092800000,mol/m2,100.0,2022,"{""type"":""MultiPoint"",""coordinates"":[]}"
1_1_2_00000000000000000009,2.3375485286554254E-5,2.3436994324170994E-5,2.6761923629781832E-5,VALID,FIG_3,1,2022-04,4,2022-04-01,NO2,Tropospheric nitrogen dioxide column number density,1648771200000,mol/m2,100.0,2022,"{""type"":""MultiPoint"",""coordinates"":[]}"
1_1_2_0000000000000000000b,0.034824117498908645,0.03484136010278073,0.0355744706221212,VALID,FIG_3,1,2022-04,4,2022-04-01,CO,Carbon monoxide column number density,1648771200000,mol/m2,100.0,2022,"{""type"":""MultiPoint"",""coordinates"":[]}"
1_1_2_0000000000000000000a,1.7676000368985076E-4,1.5766923024784774E-4,3.2910663867369294E-4,VALID,FIG_3,1,2022-04,4,2022-04-01,SO2,Sulfur dioxide column number density,1648771200000,mol/m2,100.0,2022,"{""type"":""MultiPoint"",""coordinates"":[]}"
1_1_2_0000000000000000000c,2.4883712298079147E-5,2.473089830999867E-5,2.9009163426962914E-5,VALID,FIG_3,1,2022-05,5,2022-05-01,NO2,Tropospheric nitrogen dioxide column number density,1651363200000,mol/m2,100.0,2022,"{""type"":""MultiPoint"",""coordinates"":[]}"
1_1_2_0000000000000000000d,2.204035230471686E-4,2.2466960945166647E-4,4.0464173071086407E-4,VALID,FIG_3,1,2022-05,5,2022-05-01,SO2,Sulfur dioxide column number density,1651363200000,mol/m2,100.0,2022,"{""type"":""MultiPoint"",""coordinates"":[]}"
1_1_2_0000000000000000000e,0.03183518663790369,0.03183809748000885,0.03226415130350101,VALID,FIG_3,1,2022-05,5,2022-05-01,CO,Carbon monoxide column number density,1651363200000,mol/m2,100.0,2022,"{""type"":""MultiPoint"",""coordinates"":[]}"
1_1_2_00000000000000000011,0.028413706385740457,0.02840507949843119,0.02917905089226091,VALID,FIG_3,1,2022-06,6,2022-06-01,CO,Carbon monoxide column number density,1654041600000,mol/m2,100.0,2022,"{""type"":""MultiPoint"",""coordinates"":[]}"
1_1_2_00000000000000000010,1.4420174935842538E-4,1.5444611199200153E-4,2.1947483764961362E-4,VALID,FIG_3,1,2022-06,6,2022-06-01,SO2,Sulfur dioxide column number density,1654041600000,mol/m2,100.0,2022,"{""type"":""MultiPoint"",""coordinates"":[]}"
1_1_2_0000000000000000000f,2.940706826399791E-5,2.9264336789586355E-5,3.476554383340906E-5,VALID,FIG_3,1,2022-06,6,2022-06-01,NO2,Tropospheric nitrogen dioxide column number density,1654041600000,mol/m2,100.0,2022,"{""type"":""MultiPoint"",""coordinates"":[]}"
1_1_2_00000000000000000014,0.02882496651384946,0.028817083470759883,0.02939465932616193,VALID,FIG_3,1,2022-07,7,2022-07-01,CO,Carbon monoxide column number density,1656633600000,mol/m2,100.0,2022,"{""type"":""MultiPoint"",""coordinates"":[]}"
1_1_2_00000000000000000013,5.497227018741975E-5,5.9466747188707814E-5,1.0717691475292668E-4,VALID,FIG_3,1,2022-07,7,2022-07-01,SO2,Sulfur dioxide column number density,1656633600000,mol/m2,100.0,2022,"{""type"":""MultiPoint"",""coordinates"":[]}"
1_1_2_00000000000000000012,2.7524815641329413E-5,2.7493004999253364E-5,3.248786652685156E-5,VALID,FIG_3,1,2022-07,7,2022-07-01,NO2,Tropospheric nitrogen dioxide column number density,1656633600000,mol/m2,100.0,2022,"{""type"":""MultiPoint"",""coordinates"":[]}"
1_1_2_00000000000000000017,0.031357581962971386,0.031397324587617605,0.03208662843086292,VALID,FIG_3,1,2022-08,8,2022-08-01,CO,Carbon monoxide column number density,1659312000000,mol/m2,100.0,2022,"{""type"":""MultiPoint"",""coordinates"":[]}"
1_1_2_00000000000000000015,3.3709776825074135E-5,3.341911011340645E-5,3.780839506362099E-5,VALID,FIG_3,1,2022-08,8,2022-08-01,NO2,Tropospheric nitrogen dioxide column number density,1659312000000,mol/m2,100.0,2022,"{""type"":""MultiPoint"",""coordinates"":[]}"
1_1_2_00000000000000000016,6.981963268565157E-6,1.2286405763006769E-5,4.0100909245666116E-5,VALID,FIG_3,1,2022-08,8,2022-08-01,SO2,Sulfur dioxide column number density,1659312000000,mol/m2,100.0,2022,"{""type"":""MultiPoint"",""coordinates"":[]}"
1_1_2_00000000000000000018,2.4794114218106697E-5,2.413946714059373E-5,3.284087870270014E-5,VALID,FIG_3,1,2022-09,9,2022-09-01,NO2,Tropospheric nitrogen dioxide column number density,1661990400000,mol/m2,100.0,2022,"{""type"":""MultiPoint"",""coordinates"":[]}"
1_1_2_0000000000000000001a,0.02871047289955504,0.028646017636777616,0.0294614874496026,VALID,FIG_3,1,2022-09,9,2022-09-01,CO,Carbon monoxide column number density,1661990400000,mol/m2,100.0,2022,"{""type"":""MultiPoint"",""coordinates"":[]}"
1_1_2_00000000000000000019,1.99136619584008E-4,2.0602167933247983E-4,4.0541496127843857E-4,VALID,FIG_3,1,2022-09,9,2022-09-01,SO2,Sulfur dioxide column number density,1661990400000,mol/m2,100.0,2022,"{""type"":""MultiPoint"",""coordinates"":[]}"
1_1_2_0000000000000000001d,0.027898387160170724,0.027823443282280542,0.028735851248105366,VALID,FIG_3,1,2022-10,10,2022-10-01,CO,Carbon monoxide column number density,1664582400000,mol/m2,100.0,2022,"{""type"":""MultiPoint"",""coordinates"":[]}"
1_1_2_0000000000000000001b,3.2005557162583325E-5,3.224136230126929E-5,3.533867130396116E-5,VALID,FIG_3,1,2022-10,10,2022-10-01,NO2,Tropospheric nitrogen dioxide column number density,1664582400000,mol/m2,100.0,2022,"{""type"":""MultiPoint"",""coordinates"":[]}"
1_1_2_0000000000000000001c,5.993288235350236E-4,5.934246000833809E-4,8.772580767981708E-4,VALID,FIG_3,1,2022-10,10,2022-10-01,SO2,Sulfur dioxide column number density,1664582400000,mol/m2,100.0,2022,"{""type"":""MultiPoint"",""coordinates"":[]}"
1_1_2_00000000000000000020,0.028962121247991763,0.029015629608954534,0.02950449147878366,VALID,FIG_3,1,2022-11,11,2022-11-01,CO,Carbon monoxide column number density,1667260800000,mol/m2,100.0,2022,"{""type"":""MultiPoint"",""coordinates"":[]}"
1_1_2_0000000000000000001f,,,,NA_NO_VALID_FINAL_RASTER_DATA,FIG_3,0,2022-11,11,2022-11-01,SO2,Sulfur dioxide column number density,1667260800000,mol/m2,0.0,2022,"{""type"":""MultiPoint"",""coordinates"":[]}"
1_1_2_0000000000000000001e,5.117244038492563E-5,5.328585903043859E-5,6.474081421816356E-5,VALID,FIG_3,1,2022-11,11,2022-11-01,NO2,Tropospheric nitrogen dioxide column number density,1667260800000,mol/m2,100.0,2022,"{""type"":""MultiPoint"",""coordinates"":[]}"
1_1_2_00000000000000000023,0.031252990152069074,0.03119811990797096,0.03198961866940742,VALID,FIG_3,1,2022-12,12,2022-12-01,CO,Carbon monoxide column number density,1669852800000,mol/m2,100.0,2022,"{""type"":""MultiPoint"",""coordinates"":[]}"
1_1_2_00000000000000000021,3.0879355303306606E-5,3.081192552571705E-5,3.5470669917668164E-5,VALID,FIG_3,1,2022-12,12,2022-12-01,NO2,Tropospheric nitrogen dioxide column number density,1669852800000,mol/m2,100.0,2022,"{""type"":""MultiPoint"",""coordinates"":[]}"
1_1_2_00000000000000000022,,,,NA_NO_VALID_FINAL_RASTER_DATA,FIG_3,0,2022-12,12,2022-12-01,SO2,Sulfur dioxide column number density,1669852800000,mol/m2,0.0,2022,"{""type"":""MultiPoint"",""coordinates"":[]}"
1_2_00000000000000000001,,,,NA_NO_VALID_FINAL_RASTER_DATA,FIG_3,0,2023-01,1,2023-01-01,SO2,Sulfur dioxide column number density,1672531200000,mol/m2,0.0,2023,"{""type"":""MultiPoint"",""coordinates"":[]}"
1_2_00000000000000000000,3.5887542220151066E-5,3.6448622623815346E-5,4.191430283147687E-5,VALID,FIG_3,1,2023-01,1,2023-01-01,NO2,Tropospheric nitrogen dioxide column number density,1672531200000,mol/m2,100.0,2023,"{""type"":""MultiPoint"",""coordinates"":[]}"
1_2_00000000000000000002,0.03186969158473342,0.031657164168486435,0.03302741985853438,VALID,FIG_3,1,2023-01,1,2023-01-01,CO,Carbon monoxide column number density,1672531200000,mol/m2,100.0,2023,"{""type"":""MultiPoint"",""coordinates"":[]}"
1_2_00000000000000000004,0.001084933056789164,0.001224152510985732,0.001962868729606271,VALID,FIG_3,1,2023-02,2,2023-02-01,SO2,Sulfur dioxide column number density,1675209600000,mol/m2,99.80334247710296,2023,"{""type"":""MultiPoint"",""coordinates"":[]}"
1_2_00000000000000000003,3.971324818100001E-5,3.9356014251006354E-5,5.703618064233109E-5,VALID,FIG_3,1,2023-02,2,2023-02-01,NO2,Tropospheric nitrogen dioxide column number density,1675209600000,mol/m2,100.0,2023,"{""type"":""MultiPoint"",""coordinates"":[]}"
1_2_00000000000000000005,0.03457651763905785,0.034553973370685345,0.03525219755883543,VALID,FIG_3,1,2023-02,2,2023-02-01,CO,Carbon monoxide column number density,1675209600000,mol/m2,100.0,2023,"{""type"":""MultiPoint"",""coordinates"":[]}"
1_2_00000000000000000007,7.009759641641433E-4,6.524299387820065E-4,9.700358496047556E-4,VALID,FIG_3,1,2023-03,3,2023-03-01,SO2,Sulfur dioxide column number density,1677628800000,mol/m2,100.0,2023,"{""type"":""MultiPoint"",""coordinates"":[]}"
1_2_00000000000000000008,0.03463689996670072,0.034643647688758245,0.03542578965425491,VALID,FIG_3,1,2023-03,3,2023-03-01,CO,Carbon monoxide column number density,1677628800000,mol/m2,100.0,2023,"{""type"":""MultiPoint"",""coordinates"":[]}"
1_2_00000000000000000006,3.232891079299589E-5,3.16403320303905E-5,4.0368217923969496E-5,VALID,FIG_3,1,2023-03,3,2023-03-01,NO2,Tropospheric nitrogen dioxide column number density,1677628800000,mol/m2,100.0,2023,"{""type"":""MultiPoint"",""coordinates"":[]}"
1_2_00000000000000000009,3.210142599261186E-5,3.2052772781268383E-5,3.873164375619223E-5,VALID,FIG_3,1,2023-04,4,2023-04-01,NO2,Tropospheric nitrogen dioxide column number density,1680307200000,mol/m2,100.0,2023,"{""type"":""MultiPoint"",""coordinates"":[]}"
1_2_0000000000000000000b,0.03332267270013033,0.03323802724480629,0.03424868211629307,VALID,FIG_3,1,2023-04,4,2023-04-01,CO,Carbon monoxide column number density,1680307200000,mol/m2,100.0,2023,"{""type"":""MultiPoint"",""coordinates"":[]}"
1_2_0000000000000000000a,7.990323150415088E-5,1.0003470379160717E-5,6.710872985422611E-4,VALID,FIG_3,1,2023-04,4,2023-04-01,SO2,Sulfur dioxide column number density,1680307200000,mol/m2,100.0,2023,"{""type"":""MultiPoint"",""coordinates"":[]}"
1_2_0000000000000000000c,3.408857824082976E-5,3.390549910336202E-5,4.2735122406156734E-5,VALID,FIG_3,1,2023-05,5,2023-05-01,NO2,Tropospheric nitrogen dioxide column number density,1682899200000,mol/m2,100.0,2023,"{""type"":""MultiPoint"",""coordinates"":[]}"
1_2_0000000000000000000e,0.03386083398499766,0.03379108085505752,0.034509128890931606,VALID,FIG_3,1,2023-05,5,2023-05-01,CO,Carbon monoxide column number density,1682899200000,mol/m2,100.0,2023,"{""type"":""MultiPoint"",""coordinates"":[]}"
1_2_0000000000000000000d,7.566188103183365E-5,6.895908154547215E-5,1.9541093206498772E-4,VALID,FIG_3,1,2023-05,5,2023-05-01,SO2,Sulfur dioxide column number density,1682899200000,mol/m2,100.0,2023,"{""type"":""MultiPoint"",""coordinates"":[]}"
1_2_0000000000000000000f,2.5498923542821576E-5,2.5093087205759194E-5,3.009917077822084E-5,VALID,FIG_3,1,2023-06,6,2023-06-01,NO2,Tropospheric nitrogen dioxide column number density,1685577600000,mol/m2,100.0,2023,"{""type"":""MultiPoint"",""coordinates"":[]}"
1_2_00000000000000000010,7.710407318170604E-5,8.094617078313604E-5,1.2748183507937938E-4,VALID,FIG_3,1,2023-06,6,2023-06-01,SO2,Sulfur dioxide column number density,1685577600000,mol/m2,100.0,2023,"{""type"":""MultiPoint"",""coordinates"":[]}"
1_2_00000000000000000011,0.03510749002936919,0.035118328641977996,0.03588089833152757,VALID,FIG_3,1,2023-06,6,2023-06-01,CO,Carbon monoxide column number density,1685577600000,mol/m2,100.0,2023,"{""type"":""MultiPoint"",""coordinates"":[]}"
1_2_00000000000000000014,0.03524436885914394,0.035163826479822025,0.036079408894466466,VALID,FIG_3,1,2023-07,7,2023-07-01,CO,Carbon monoxide column number density,1688169600000,mol/m2,100.0,2023,"{""type"":""MultiPoint"",""coordinates"":[]}"
1_2_00000000000000000012,2.4227707295478425E-5,2.3655025360128083E-5,2.9041086929674693E-5,VALID,FIG_3,1,2023-07,7,2023-07-01,NO2,Tropospheric nitrogen dioxide column number density,1688169600000,mol/m2,100.0,2023,"{""type"":""MultiPoint"",""coordinates"":[]}"
1_2_00000000000000000013,2.8947754793117794E-5,1.9266208255430683E-5,9.143224451690912E-5,VALID,FIG_3,1,2023-07,7,2023-07-01,SO2,Sulfur dioxide column number density,1688169600000,mol/m2,100.0,2023,"{""type"":""MultiPoint"",""coordinates"":[]}"
1_2_00000000000000000015,3.423961006166205E-5,3.3899479459103254E-5,4.020553569716867E-5,VALID,FIG_3,1,2023-08,8,2023-08-01,NO2,Tropospheric nitrogen dioxide column number density,1690848000000,mol/m2,100.0,2023,"{""type"":""MultiPoint"",""coordinates"":[]}"
1_2_00000000000000000016,1.3560471633832954E-5,1.5859246559557505E-5,5.272764610708691E-5,VALID,FIG_3,1,2023-08,8,2023-08-01,SO2,Sulfur dioxide column number density,1690848000000,mol/m2,100.0,2023,"{""type"":""MultiPoint"",""coordinates"":[]}"
1_2_00000000000000000017,0.034956276156252845,0.034981347893568965,0.03541013273545577,VALID,FIG_3,1,2023-08,8,2023-08-01,CO,Carbon monoxide column number density,1690848000000,mol/m2,100.0,2023,"{""type"":""MultiPoint"",""coordinates"":[]}"
1_2_00000000000000000018,3.3419880767954426E-5,3.188639936999578E-5,4.1305696868221276E-5,VALID,FIG_3,1,2023-09,9,2023-09-01,NO2,Tropospheric nitrogen dioxide column number density,1693526400000,mol/m2,100.0,2023,"{""type"":""MultiPoint"",""coordinates"":[]}"
1_2_00000000000000000019,1.8440064971454246E-4,1.990816235775128E-4,2.4945285986177623E-4,VALID,FIG_3,1,2023-09,9,2023-09-01,SO2,Sulfur dioxide column number density,1693526400000,mol/m2,100.0,2023,"{""type"":""MultiPoint"",""coordinates"":[]}"
1_2_0000000000000000001a,0.036317911021681866,0.036187320901411225,0.03721623495221138,VALID,FIG_3,1,2023-09,9,2023-09-01,CO,Carbon monoxide column number density,1693526400000,mol/m2,100.0,2023,"{""type"":""MultiPoint"",""coordinates"":[]}"
1_2_0000000000000000001d,0.03685600505068526,0.036852530949211995,0.03777020856476497,VALID,FIG_3,1,2023-10,10,2023-10-01,CO,Carbon monoxide column number density,1696118400000,mol/m2,100.0,2023,"{""type"":""MultiPoint"",""coordinates"":[]}"
1_2_0000000000000000001c,5.322935411089691E-4,5.394097534008324E-4,7.181077962741256E-4,VALID,FIG_3,1,2023-10,10,2023-10-01,SO2,Sulfur dioxide column number density,1696118400000,mol/m2,100.0,2023,"{""type"":""MultiPoint"",""coordinates"":[]}"
1_2_0000000000000000001b,3.500031904577021E-5,3.510179335814526E-5,3.948888661398087E-5,VALID,FIG_3,1,2023-10,10,2023-10-01,NO2,Tropospheric nitrogen dioxide column number density,1696118400000,mol/m2,100.0,2023,"{""type"":""MultiPoint"",""coordinates"":[]}"
1_2_00000000000000000020,0.03403869121061349,0.034072543697994805,0.03524198999796971,VALID,FIG_3,1,2023-11,11,2023-11-01,CO,Carbon monoxide column number density,1698796800000,mol/m2,100.0,2023,"{""type"":""MultiPoint"",""coordinates"":[]}"
1_2_0000000000000000001e,3.198221576124515E-5,3.142121334997296E-5,3.7095778866136615E-5,VALID,FIG_3,1,2023-11,11,2023-11-01,NO2,Tropospheric nitrogen dioxide column number density,1698796800000,mol/m2,100.0,2023,"{""type"":""MultiPoint"",""coordinates"":[]}"
1_2_0000000000000000001f,,,,NA_NO_VALID_FINAL_RASTER_DATA,FIG_3,0,2023-11,11,2023-11-01,SO2,Sulfur dioxide column number density,1698796800000,mol/m2,0.0,2023,"{""type"":""MultiPoint"",""coordinates"":[]}"
1_2_00000000000000000021,4.2376909940156395E-5,4.3490528187582625E-5,5.042392086651784E-5,VALID,FIG_3,1,2023-12,12,2023-12-01,NO2,Tropospheric nitrogen dioxide column number density,1701388800000,mol/m2,100.0,2023,"{""type"":""MultiPoint"",""coordinates"":[]}"
1_2_00000000000000000023,0.03442475936437964,0.03440025686945545,0.035272191750778115,VALID,FIG_3,1,2023-12,12,2023-12-01,CO,Carbon monoxide column number density,1701388800000,mol/m2,100.0,2023,"{""type"":""MultiPoint"",""coordinates"":[]}"
1_2_00000000000000000022,,,,NA_NO_VALID_FINAL_RASTER_DATA,FIG_3,0,2023-12,12,2023-12-01,SO2,Sulfur dioxide column number density,1701388800000,mol/m2,0.0,2023,"{""type"":""MultiPoint"",""coordinates"":[]}"
2_00000000000000000000,3.9263174453327855E-5,4.116270307955953E-5,5.273320937770582E-5,VALID,FIG_3,1,2024-01,1,2024-01-01,NO2,Tropospheric nitrogen dioxide column number density,1704067200000,mol/m2,100.0,2024,"{""type"":""MultiPoint"",""coordinates"":[]}"
2_00000000000000000001,,,,NA_NO_VALID_FINAL_RASTER_DATA,FIG_3,0,2024-01,1,2024-01-01,SO2,Sulfur dioxide column number density,1704067200000,mol/m2,0.0,2024,"{""type"":""MultiPoint"",""coordinates"":[]}"
2_00000000000000000002,0.0353962717567505,0.03556309479333106,0.036035546101629734,VALID,FIG_3,1,2024-01,1,2024-01-01,CO,Carbon monoxide column number density,1704067200000,mol/m2,100.0,2024,"{""type"":""MultiPoint"",""coordinates"":[]}"
2_00000000000000000004,0.0012077298588572415,0.0010387046495452523,0.002396624069660902,VALID,FIG_3,1,2024-02,2,2024-02-01,SO2,Sulfur dioxide column number density,1706745600000,mol/m2,100.0,2024,"{""type"":""MultiPoint"",""coordinates"":[]}"
2_00000000000000000005,0.03513045717693689,0.03510232698915759,0.03607754306253141,VALID,FIG_3,1,2024-02,2,2024-02-01,CO,Carbon monoxide column number density,1706745600000,mol/m2,100.0,2024,"{""type"":""MultiPoint"",""coordinates"":[]}"
2_00000000000000000003,3.0132197516099625E-5,2.8963790082032015E-5,4.09154558391654E-5,VALID,FIG_3,1,2024-02,2,2024-02-01,NO2,Tropospheric nitrogen dioxide column number density,1706745600000,mol/m2,100.0,2024,"{""type"":""MultiPoint"",""coordinates"":[]}"
2_00000000000000000008,0.037344644899691595,0.03730850678227289,0.038310180998856004,VALID,FIG_3,1,2024-03,3,2024-03-01,CO,Carbon monoxide column number density,1709251200000,mol/m2,100.0,2024,"{""type"":""MultiPoint"",""coordinates"":[]}"
2_00000000000000000006,4.255705026141574E-5,4.1666603472575436E-5,4.931540327864544E-5,VALID,FIG_3,1,2024-03,3,2024-03-01,NO2,Tropospheric nitrogen dioxide column number density,1709251200000,mol/m2,100.0,2024,"{""type"":""MultiPoint"",""coordinates"":[]}"
2_00000000000000000007,0.0011860950004158742,0.0011216475395485759,0.002060179365798831,VALID,FIG_3,1,2024-03,3,2024-03-01,SO2,Sulfur dioxide column number density,1709251200000,mol/m2,100.0,2024,"{""type"":""MultiPoint"",""coordinates"":[]}"
2_0000000000000000000a,2.8551821231498234E-4,2.9876860207878053E-4,5.413281032815576E-4,VALID,FIG_3,1,2024-04,4,2024-04-01,SO2,Sulfur dioxide column number density,1711929600000,mol/m2,100.0,2024,"{""type"":""MultiPoint"",""coordinates"":[]}"
2_00000000000000000009,3.654855630798831E-5,3.477585362065898E-5,4.500907380133867E-5,VALID,FIG_3,1,2024-04,4,2024-04-01,NO2,Tropospheric nitrogen dioxide column number density,1711929600000,mol/m2,100.0,2024,"{""type"":""MultiPoint"",""coordinates"":[]}"
2_0000000000000000000b,0.035798181321315285,0.035727176014113966,0.036512590944767,VALID,FIG_3,1,2024-04,4,2024-04-01,CO,Carbon monoxide column number density,1711929600000,mol/m2,100.0,2024,"{""type"":""MultiPoint"",""coordinates"":[]}"
2_0000000000000000000e,0.03382757684627654,0.03370203822851181,0.03484466414771635,VALID,FIG_3,1,2024-05,5,2024-05-01,CO,Carbon monoxide column number density,1714521600000,mol/m2,100.0,2024,"{""type"":""MultiPoint"",""coordinates"":[]}"
2_0000000000000000000d,2.6779601154359767E-4,2.9818128678016365E-4,3.8732102257199585E-4,VALID,FIG_3,1,2024-05,5,2024-05-01,SO2,Sulfur dioxide column number density,1714521600000,mol/m2,100.0,2024,"{""type"":""MultiPoint"",""coordinates"":[]}"
2_0000000000000000000c,3.2420818450184536E-5,3.141318794873643E-5,4.178179588052444E-5,VALID,FIG_3,1,2024-05,5,2024-05-01,NO2,Tropospheric nitrogen dioxide column number density,1714521600000,mol/m2,100.0,2024,"{""type"":""MultiPoint"",""coordinates"":[]}"
2_0000000000000000000f,3.109998985647541E-5,3.0470292752335785E-5,3.8682831215873394E-5,VALID,FIG_3,1,2024-06,6,2024-06-01,NO2,Tropospheric nitrogen dioxide column number density,1717200000000,mol/m2,100.0,2024,"{""type"":""MultiPoint"",""coordinates"":[]}"
2_00000000000000000011,0.031018641901443458,0.030967491611616722,0.031865494067178056,VALID,FIG_3,1,2024-06,6,2024-06-01,CO,Carbon monoxide column number density,1717200000000,mol/m2,100.0,2024,"{""type"":""MultiPoint"",""coordinates"":[]}"
2_00000000000000000010,1.0130761882405668E-4,9.985864744521677E-5,2.562148729339242E-4,VALID,FIG_3,1,2024-06,6,2024-06-01,SO2,Sulfur dioxide column number density,1717200000000,mol/m2,100.0,2024,"{""type"":""MultiPoint"",""coordinates"":[]}"
2_00000000000000000012,3.3389605338615004E-5,3.0431747375608443E-5,4.4243018538258246E-5,VALID,FIG_3,1,2024-07,7,2024-07-01,NO2,Tropospheric nitrogen dioxide column number density,1719792000000,mol/m2,100.0,2024,"{""type"":""MultiPoint"",""coordinates"":[]}"
2_00000000000000000014,0.034040626909331746,0.034018582105636595,0.03467783204426891,VALID,FIG_3,1,2024-07,7,2024-07-01,CO,Carbon monoxide column number density,1719792000000,mol/m2,100.0,2024,"{""type"":""MultiPoint"",""coordinates"":[]}"
2_00000000000000000013,1.0723953708419643E-5,-5.687636075890623E-6,1.2192643771413714E-4,VALID,FIG_3,1,2024-07,7,2024-07-01,SO2,Sulfur dioxide column number density,1719792000000,mol/m2,100.0,2024,"{""type"":""MultiPoint"",""coordinates"":[]}"
2_00000000000000000016,8.461295971256866E-5,8.6809421190992E-5,1.6281210992019624E-4,VALID,FIG_3,1,2024-08,8,2024-08-01,SO2,Sulfur dioxide column number density,1722470400000,mol/m2,100.0,2024,"{""type"":""MultiPoint"",""coordinates"":[]}"
2_00000000000000000017,0.03825519207075059,0.03824725017468389,0.03867074073854115,VALID,FIG_3,1,2024-08,8,2024-08-01,CO,Carbon monoxide column number density,1722470400000,mol/m2,100.0,2024,"{""type"":""MultiPoint"",""coordinates"":[]}"
2_00000000000000000015,3.247748024282755E-5,3.2265498821370206E-5,3.938491435373933E-5,VALID,FIG_3,1,2024-08,8,2024-08-01,NO2,Tropospheric nitrogen dioxide column number density,1722470400000,mol/m2,100.0,2024,"{""type"":""MultiPoint"",""coordinates"":[]}"
2_00000000000000000019,1.4919900956223325E-4,1.472213916713372E-4,2.2891812841407955E-4,VALID,FIG_3,1,2024-09,9,2024-09-01,SO2,Sulfur dioxide column number density,1725148800000,mol/m2,100.0,2024,"{""type"":""MultiPoint"",""coordinates"":[]}"
2_00000000000000000018,3.6325435033426446E-5,3.513993090910191E-5,4.5637159928446636E-5,VALID,FIG_3,1,2024-09,9,2024-09-01,NO2,Tropospheric nitrogen dioxide column number density,1725148800000,mol/m2,100.0,2024,"{""type"":""MultiPoint"",""coordinates"":[]}"
2_0000000000000000001a,0.035709968522670825,0.03577615197548159,0.036264099180698395,VALID,FIG_3,1,2024-09,9,2024-09-01,CO,Carbon monoxide column number density,1725148800000,mol/m2,100.0,2024,"{""type"":""MultiPoint"",""coordinates"":[]}"
2_0000000000000000001d,0.0327596846586676,0.03269292894239334,0.03348488666561266,VALID,FIG_3,1,2024-10,10,2024-10-01,CO,Carbon monoxide column number density,1727740800000,mol/m2,100.0,2024,"{""type"":""MultiPoint"",""coordinates"":[]}"
2_0000000000000000001b,4.054737927518976E-5,4.105142267355998E-5,4.587313486805593E-5,VALID,FIG_3,1,2024-10,10,2024-10-01,NO2,Tropospheric nitrogen dioxide column number density,1727740800000,mol/m2,100.0,2024,"{""type"":""MultiPoint"",""coordinates"":[]}"
2_0000000000000000001c,6.105755267996721E-4,6.072326796129346E-4,8.255285792984068E-4,VALID,FIG_3,1,2024-10,10,2024-10-01,SO2,Sulfur dioxide column number density,1727740800000,mol/m2,100.0,2024,"{""type"":""MultiPoint"",""coordinates"":[]}"
2_00000000000000000020,0.03299046399346786,0.03284548490120997,0.03382017413210467,VALID,FIG_3,1,2024-11,11,2024-11-01,CO,Carbon monoxide column number density,1730419200000,mol/m2,100.0,2024,"{""type"":""MultiPoint"",""coordinates"":[]}"
2_0000000000000000001f,,,,NA_NO_VALID_FINAL_RASTER_DATA,FIG_3,0,2024-11,11,2024-11-01,SO2,Sulfur dioxide column number density,1730419200000,mol/m2,0.0,2024,"{""type"":""MultiPoint"",""coordinates"":[]}"
2_0000000000000000001e,3.46631596994945E-5,3.495332400785701E-5,4.162850081612749E-5,VALID,FIG_3,1,2024-11,11,2024-11-01,NO2,Tropospheric nitrogen dioxide column number density,1730419200000,mol/m2,100.0,2024,"{""type"":""MultiPoint"",""coordinates"":[]}"
2_00000000000000000023,0.03444355818551696,0.03446021969001795,0.03487427905201912,VALID,FIG_3,1,2024-12,12,2024-12-01,CO,Carbon monoxide column number density,1733011200000,mol/m2,100.0,2024,"{""type"":""MultiPoint"",""coordinates"":[]}"
2_00000000000000000021,4.7575848911207474E-5,4.756630792999253E-5,6.0857104472233914E-5,VALID,FIG_3,1,2024-12,12,2024-12-01,NO2,Tropospheric nitrogen dioxide column number density,1733011200000,mol/m2,100.0,2024,"{""type"":""MultiPoint"",""coordinates"":[]}"
2_00000000000000000022,,,,NA_NO_VALID_FINAL_RASTER_DATA,FIG_3,0,2024-12,12,2024-12-01,SO2,Sulfur dioxide column number density,1733011200000,mol/m2,0.0,2024,"{""type"":""MultiPoint"",""coordinates"":[]}"
